SNP	Weight	Transcript	R2	R2.P	chromosome	genetic.dist	physical.pos	allele1	allele2
SNP10	-9.57015221436752e-05	Isoform1	0.317482906131242	0	1	0	10099	T	A
SNP100	-0.00242248740280151	Isoform3	0.424534947147424	0	1	0	100107	A	T
SNP1009	0.00214653306439418	Isoform3	0.424534947147424	0	1	0	1009108	T	A
SNP101	0.0086820920008316	Isoform2	0.462546990115974	0	1	0	101086	A	T
SNP1012	-0.0199258870464996	Isoform1	0.317482906131242	0	1	0	1012093	T	A
SNP1017	-0.00730802455850866	Isoform2	0.462546990115974	0	1	0	1017093	A	T
SNP1020	0.00489265707088413	Isoform2	0.462546990115974	0	1	0	1020103	A	T
SNP1025	0.0336064623588056	Isoform1	0.317482906131242	0	1	0	1025113	A	T
SNP103	-0.0500247972748918	Isoform2	0.462546990115974	0	1	0	103078	T	A
SNP1042	-0.0108536663006005	Isoform2	0.462546990115974	0	1	0	1042088	A	T
SNP1051	0.0444626223149418	Isoform3	0.424534947147424	0	1	0	1051093	T	A
SNP1054	-0.0103251833083693	Isoform2	0.462546990115974	0	1	0	1054110	T	A
SNP1057	-0.0307234153385342	Isoform2	0.462546990115974	0	1	0	1057108	A	T
SNP1069	0.00636156610560232	Isoform2	0.462546990115974	0	1	0	1069105	A	T
SNP1079	-0.00107939722931659	Isoform2	0.462546990115974	0	1	0	1079090	T	A
SNP1081	-0.0333962077279083	Isoform3	0.424534947147424	0	1	0	1081106	A	T
SNP1099	0.00777116720571284	Isoform2	0.462546990115974	0	1	0	1099104	A	T
SNP1100	0.0322548700421161	Isoform1	0.317482906131242	0	1	0	1100095	T	A
SNP1110	-0.0221373121908786	Isoform3	0.424534947147424	0	1	0	1110102	A	T
SNP1115	-0.0110797593461482	Isoform2	0.462546990115974	0	1	0	1115081	A	T
SNP112	0.00427275617225689	Isoform3	0.424534947147424	0	1	0	112112	A	T
SNP1121	-0.0995235647344025	Isoform3	0.424534947147424	0	1	0	1121089	A	T
SNP1123	0.0112295463583223	Isoform1	0.317482906131242	0	1	0	1123083	T	A
SNP1130	-0.00209021927167473	Isoform3	0.424534947147424	0	1	0	1130092	T	A
SNP1140	0.0157937903089722	Isoform1	0.317482906131242	0	1	0	1140108	A	T
SNP1144	-0.0235753870177851	Isoform1	0.317482906131242	0	1	0	1144093	T	A
SNP1145	-0.000900302099708862	Isoform3	0.424534947147424	0	1	0	1145097	A	T
SNP1156	-0.0198412355835811	Isoform2	0.462546990115974	0	1	0	1156101	T	A
SNP1162	-0.046163271538481	Isoform1	0.317482906131242	0	1	0	1162100	T	A
SNP1169	0.0219292411351046	Isoform1	0.317482906131242	0	1	0	1169105	T	A
SNP1174	-0.0280528766699025	Isoform1	0.317482906131242	0	1	0	1174099	A	T
SNP1178	-0.005331157723612	Isoform1	0.317482906131242	0	1	0	1178097	T	A
SNP1184	0.0106489568046552	Isoform2	0.462546990115974	0	1	0	1184109	T	A
SNP1186	-0.0493093477641419	Isoform2	0.462546990115974	0	1	0	1186105	T	A
SNP1187	-0.00536076113702311	Isoform1	0.317482906131242	0	1	0	1187099	T	A
SNP1187	0.0780943014333225	Isoform2	0.462546990115974	0	1	0	1187099	T	A
SNP1196	-0.0293147919626168	Isoform1	0.317482906131242	0	1	0	1196120	A	T
SNP1207	0.00332109304207728	Isoform1	0.317482906131242	0	1	0	1207092	T	A
SNP1208	0.000725443414739416	Isoform3	0.424534947147424	0	1	0	1208099	A	T
SNP1212	-0.00978486540487195	Isoform2	0.462546990115974	0	1	0	1212094	A	T
SNP1215	-0.00776367227870379	Isoform3	0.424534947147424	0	1	0	1215092	A	T
SNP1225	-0.0106871032158657	Isoform3	0.424534947147424	0	1	0	1225107	A	T
SNP1230	-0.01063634168601	Isoform1	0.317482906131242	0	1	0	1230092	A	T
SNP1237	0.00899006314958013	Isoform3	0.424534947147424	0	1	0	1237089	A	T
SNP1239	9.50785361535409e-05	Isoform2	0.462546990115974	0	1	0	1239098	A	T
SNP124	0.00586104590674686	Isoform1	0.317482906131242	0	1	0	124099	A	T
SNP1249	-0.022440369518949	Isoform3	0.424534947147424	0	1	0	1249083	A	T
SNP1253	0.000405047671332312	Isoform3	0.424534947147424	0	1	0	1253095	A	T
SNP1253	0.00789200719206788	Isoform2	0.462546990115974	0	1	0	1253095	A	T
SNP1254	0.0163070589705598	Isoform1	0.317482906131242	0	1	0	1254106	A	T
SNP1255	-0.00528374502283394	Isoform3	0.424534947147424	0	1	0	1255103	A	T
SNP1256	-0.000721040089296188	Isoform3	0.424534947147424	0	1	0	1256083	A	T
SNP1259	-0.0030106314915146	Isoform2	0.462546990115974	0	1	0	1259080	A	T
SNP1260	0.0385903837402961	Isoform3	0.424534947147424	0	1	0	1260099	T	A
SNP1263	-0.000302015169874941	Isoform2	0.462546990115974	0	1	0	1263096	A	T
SNP1293	-0.00055277877394602	Isoform1	0.317482906131242	0	1	0	1293094	A	T
SNP1312	0.0149713698041883	Isoform3	0.424534947147424	0	1	0	1312092	A	T
SNP1315	0.00627878747977192	Isoform1	0.317482906131242	0	1	0	1315089	T	A
SNP1317	-0.00580494509035039	Isoform3	0.424534947147424	0	1	0	1317101	A	T
SNP1319	-0.00502361296013985	Isoform2	0.462546990115974	0	1	0	1319107	A	T
SNP1322	-0.0175931710219944	Isoform2	0.462546990115974	0	1	0	1322084	T	A
SNP1331	-0.016682871630666	Isoform1	0.317482906131242	0	1	0	1331089	A	T
SNP1338	0.00692766339586189	Isoform3	0.424534947147424	0	1	0	1338097	T	A
SNP1346	-0.0101298252373265	Isoform1	0.317482906131242	0	1	0	1346123	T	A
SNP1349	0.00657667979793746	Isoform3	0.424534947147424	0	1	0	1349099	T	A
SNP135	0.000157979481581344	Isoform2	0.462546990115974	0	1	0	135097	A	T
SNP1357	0.00501496845802989	Isoform2	0.462546990115974	0	1	0	1357093	T	A
SNP1359	-0.00613032662953608	Isoform3	0.424534947147424	0	1	0	1359101	A	T
SNP1363	0.00261374867773028	Isoform2	0.462546990115974	0	1	0	1363106	A	T
SNP1364	-0.117857692164587	Isoform2	0.462546990115974	0	1	0	1364098	T	A
SNP1370	0.00780657911811411	Isoform2	0.462546990115974	0	1	0	1370095	A	T
SNP1383	0.00653966258625093	Isoform2	0.462546990115974	0	1	0	1383105	T	A
SNP1384	-0.00208850324634348	Isoform2	0.462546990115974	0	1	0	1384116	T	A
SNP1394	0.00297605471996403	Isoform3	0.424534947147424	0	1	0	1394104	T	A
SNP1402	-0.00346468463947351	Isoform3	0.424534947147424	0	1	0	1402098	A	T
SNP1418	0.00917953908921829	Isoform3	0.424534947147424	0	1	0	1418112	T	A
SNP1424	-0.00263450571027252	Isoform1	0.317482906131242	0	1	0	1424110	A	T
SNP1425	-0.0127130666423117	Isoform1	0.317482906131242	0	1	0	1425098	A	T
SNP1426	0.00446585834258413	Isoform2	0.462546990115974	0	1	0	1426098	A	T
SNP1427	-0.0178835229157431	Isoform1	0.317482906131242	0	1	0	1427098	A	T
SNP1428	0.00447945036192818	Isoform2	0.462546990115974	0	1	0	1428109	T	A
SNP1431	0.0123570161061102	Isoform1	0.317482906131242	0	1	0	1431093	A	T
SNP1435	0.000525399927536007	Isoform2	0.462546990115974	0	1	0	1435104	A	T
SNP1444	0.0064299952348192	Isoform2	0.462546990115974	0	1	0	1444107	A	T
SNP1444	-0.000382069260026623	Isoform1	0.317482906131242	0	1	0	1444107	A	T
SNP1454	-0.00487477137414282	Isoform3	0.424534947147424	0	1	0	1454095	T	A
SNP1457	-0.0262605049681959	Isoform3	0.424534947147424	0	1	0	1457105	T	A
SNP1465	0.00564750153765148	Isoform1	0.317482906131242	0	1	0	1465100	T	A
SNP1466	-0.03955115950624	Isoform3	0.424534947147424	0	1	0	1466103	T	A
SNP1472	-0.0157681311644097	Isoform1	0.317482906131242	0	1	0	1472099	A	T
SNP1475	-0.00305953386670896	Isoform2	0.462546990115974	0	1	0	1475084	T	A
SNP1489	-0.0146943365865135	Isoform2	0.462546990115974	0	1	0	1489083	T	A
SNP1497	-0.0174456993235907	Isoform3	0.424534947147424	0	1	0	1497096	T	A
SNP1498	-0.00868393583239569	Isoform2	0.462546990115974	0	1	0	1498097	T	A
SNP1500	0.00374844860983458	Isoform3	0.424534947147424	0	1	0	1500083	A	T
SNP1509	0.0034511891178881	Isoform3	0.424534947147424	0	1	0	1509108	T	A
SNP1514	-0.00638796866632069	Isoform3	0.424534947147424	0	1	0	1514110	T	A
SNP1519	0.0138160136525636	Isoform1	0.317482906131242	0	1	0	1519108	A	T
SNP1523	0.00586463069626944	Isoform3	0.424534947147424	0	1	0	1523098	T	A
SNP1530	-0.0030241612141727	Isoform2	0.462546990115974	0	1	0	1530091	A	T
SNP1535	-0.003210606311315	Isoform2	0.462546990115974	0	1	0	1535093	T	A
SNP1540	-0.00207117397364768	Isoform1	0.317482906131242	0	1	0	1540112	T	A
SNP1547	0.000294095787617141	Isoform3	0.424534947147424	0	1	0	1547098	A	T
SNP1553	-0.0300912346674374	Isoform3	0.424534947147424	0	1	0	1553082	A	T
SNP1558	0.00881852012102363	Isoform2	0.462546990115974	0	1	0	1558100	T	A
SNP1560	-0.021539085816685	Isoform2	0.462546990115974	0	1	0	1560092	T	A
SNP1566	-0.0174061225511582	Isoform3	0.424534947147424	0	1	0	1566114	T	A
SNP1577	-0.0246905562683796	Isoform1	0.317482906131242	0	1	0	1577076	T	A
SNP1580	-0.0250615683834272	Isoform3	0.424534947147424	0	1	0	1580091	A	T
SNP1585	-0.0261152132832751	Isoform2	0.462546990115974	0	1	0	1585077	T	A
SNP1594	-0.00698097044367378	Isoform1	0.317482906131242	0	1	0	1594110	A	T
SNP1609	-0.00299656193914121	Isoform1	0.317482906131242	0	1	0	1609091	A	T
SNP1613	0.00160224752971679	Isoform1	0.317482906131242	0	1	0	1613113	T	A
SNP1623	-0.00721382059777266	Isoform2	0.462546990115974	0	1	0	1623095	T	A
SNP1626	0.0111850472835231	Isoform1	0.317482906131242	0	1	0	1626086	A	T
SNP1631	-0.0102346282706444	Isoform2	0.462546990115974	0	1	0	1631100	A	T
SNP1640	0.00423926499049534	Isoform3	0.424534947147424	0	1	0	1640112	A	T
SNP1641	0.0156811338649974	Isoform2	0.462546990115974	0	1	0	1641090	T	A
SNP1647	-0.00141235903352574	Isoform1	0.317482906131242	0	1	0	1647095	A	T
SNP1647	-0.0029446763926111	Isoform3	0.424534947147424	0	1	0	1647095	A	T
SNP1654	-0.00256510180651732	Isoform1	0.317482906131242	0	1	0	1654072	A	T
SNP1659	0.0547603297775768	Isoform2	0.462546990115974	0	1	0	1659114	T	A
SNP1663	-0.00824962113222278	Isoform1	0.317482906131242	0	1	0	1663121	T	A
SNP1664	-0.00560605838337371	Isoform2	0.462546990115974	0	1	0	1664121	T	A
SNP1666	-0.0382464182108666	Isoform2	0.462546990115974	0	1	0	1666100	A	T
SNP1668	-0.0101292856092467	Isoform1	0.317482906131242	0	1	0	1668108	T	A
SNP1673	7.27416449282846e-05	Isoform3	0.424534947147424	0	1	0	1673101	T	A
SNP1674	-0.00580473691678954	Isoform2	0.462546990115974	0	1	0	1674106	A	T
SNP1677	0.0125365033270495	Isoform1	0.317482906131242	0	1	0	1677112	A	T
SNP1684	0.0252919761641798	Isoform1	0.317482906131242	0	1	0	1684090	A	T
SNP1694	-0.0738451760837056	Isoform3	0.424534947147424	0	1	0	1694101	A	T
SNP1697	0.00295083641457969	Isoform1	0.317482906131242	0	1	0	1697096	T	A
SNP1698	0.000605219541373336	Isoform3	0.424534947147424	0	1	0	1698125	T	A
SNP171	-0.0237594748574573	Isoform2	0.462546990115974	0	1	0	171105	A	T
SNP1713	0.00885467105167757	Isoform1	0.317482906131242	0	1	0	1713087	A	T
SNP1722	-0.00104867228000085	Isoform2	0.462546990115974	0	1	0	1722116	T	A
SNP1723	0.00313407666252922	Isoform2	0.462546990115974	0	1	0	1723106	T	A
SNP1725	-0.0155883988083682	Isoform3	0.424534947147424	0	1	0	1725085	A	T
SNP1727	0.00716879111675232	Isoform3	0.424534947147424	0	1	0	1727092	A	T
SNP1728	-0.01441425608992	Isoform1	0.317482906131242	0	1	0	1728115	T	A
SNP1732	0.00600699773921165	Isoform2	0.462546990115974	0	1	0	1732085	T	A
SNP174	-0.000116728292339523	Isoform3	0.424534947147424	0	1	0	174109	T	A
SNP1750	-8.21091248813966e-06	Isoform3	0.424534947147424	0	1	0	1750121	A	T
SNP1751	-0.00265684120228433	Isoform2	0.462546990115974	0	1	0	1751100	T	A
SNP1759	-0.025412114904267	Isoform2	0.462546990115974	0	1	0	1759113	T	A
SNP1760	-0.0249129624824453	Isoform3	0.424534947147424	0	1	0	1760087	T	A
SNP1761	-0.00287167114011492	Isoform2	0.462546990115974	0	1	0	1761104	T	A
SNP1770	-0.00522779094910106	Isoform1	0.317482906131242	0	1	0	1770091	A	T
SNP1771	-0.00322916630217333	Isoform3	0.424534947147424	0	1	0	1771110	A	T
SNP1771	-0.00469695716686482	Isoform1	0.317482906131242	0	1	0	1771110	A	T
SNP1787	0.0452283698335776	Isoform2	0.462546990115974	0	1	0	1787101	A	T
SNP1806	-0.00122627911209869	Isoform2	0.462546990115974	0	1	0	1806099	T	A
SNP1813	0.0023830079110524	Isoform2	0.462546990115974	0	1	0	1813108	A	T
SNP1814	-0.013828756298882	Isoform3	0.424534947147424	0	1	0	1814122	A	T
SNP1861	0.00664057403188529	Isoform3	0.424534947147424	0	1	0	1861108	T	A
SNP1872	0.000577541698618372	Isoform1	0.317482906131242	0	1	0	1872091	A	T
SNP1876	-0.00674238331377557	Isoform1	0.317482906131242	0	1	0	1876084	T	A
SNP1880	-0.00344266417821101	Isoform3	0.424534947147424	0	1	0	1880081	A	T
SNP1898	-0.0155040848964219	Isoform3	0.424534947147424	0	1	0	1898085	A	T
SNP19	-0.00158496197772925	Isoform1	0.317482906131242	0	1	0	19085	T	A
SNP1904	-0.0177744876218092	Isoform2	0.462546990115974	0	1	0	1904086	T	A
SNP1906	-0.00656731485550614	Isoform2	0.462546990115974	0	1	0	1906089	T	A
SNP1910	0.00478597285122821	Isoform2	0.462546990115974	0	1	0	1910077	A	T
SNP1928	0.00601824661586581	Isoform2	0.462546990115974	0	1	0	1928107	T	A
SNP1929	0.0267232137235213	Isoform1	0.317482906131242	0	1	0	1929085	T	A
SNP1934	-0.0153341646056391	Isoform1	0.317482906131242	0	1	0	1934110	T	A
SNP1939	-0.000325702520794742	Isoform2	0.462546990115974	0	1	0	1939099	T	A
SNP195	-0.0200847050586384	Isoform1	0.317482906131242	0	1	0	195112	A	T
SNP1958	0.0385877841857815	Isoform1	0.317482906131242	0	1	0	1958099	A	T
SNP1958	0.0200815013891175	Isoform3	0.424534947147424	0	1	0	1958099	A	T
SNP1964	0.0143545864055339	Isoform2	0.462546990115974	0	1	0	1964104	T	A
SNP1965	-0.00671706219496424	Isoform2	0.462546990115974	0	1	0	1965097	A	T
SNP1981	-0.00254445339797195	Isoform2	0.462546990115974	0	1	0	1981107	T	A
SNP1992	-0.00909017437613616	Isoform3	0.424534947147424	0	1	0	1992095	A	T
SNP2004	0.00540951098083189	Isoform3	0.424534947147424	0	1	0	2004105	T	A
SNP201	0.0102230081867121	Isoform3	0.424534947147424	0	1	0	201102	A	T
SNP2012	0.00205327956935805	Isoform2	0.462546990115974	0	1	0	2012092	T	A
SNP2012	-0.00482608219942999	Isoform1	0.317482906131242	0	1	0	2012092	T	A
SNP2020	-0.0141848764656754	Isoform2	0.462546990115974	0	1	0	2020104	A	T
SNP2021	-0.00758391399042729	Isoform3	0.424534947147424	0	1	0	2021089	A	T
SNP2026	-0.0105330884008521	Isoform2	0.462546990115974	0	1	0	2026095	T	A
SNP2027	-0.0033790900536745	Isoform3	0.424534947147424	0	1	0	2027116	A	T
SNP2028	-0.0193183814458202	Isoform3	0.424534947147424	0	1	0	2028086	T	A
SNP2029	0.00772978190049049	Isoform2	0.462546990115974	0	1	0	2029110	A	T
SNP2041	0.0288551301133768	Isoform1	0.317482906131242	0	1	0	2041120	T	A
SNP2051	0.110456662741949	Isoform2	0.462546990115974	0	1	0	2051080	T	A
SNP2052	0.0300874357004009	Isoform2	0.462546990115974	0	1	0	2052105	A	T
SNP2063	0.000269931342306876	Isoform3	0.424534947147424	0	1	0	2063099	A	T
SNP2087	-0.0124715540087856	Isoform3	0.424534947147424	0	1	0	2087087	A	T
SNP2091	-0.00412534630674667	Isoform3	0.424534947147424	0	1	0	2091088	A	T
SNP2104	0.0496643824671552	Isoform3	0.424534947147424	0	1	0	2104104	A	T
SNP2109	0.0107351772556675	Isoform1	0.317482906131242	0	1	0	2109095	T	A
SNP2116	0.0250739491911323	Isoform2	0.462546990115974	0	1	0	2116117	A	T
SNP2145	0.00266656677208512	Isoform3	0.424534947147424	0	1	0	2145111	T	A
SNP2152	0.00666247022760289	Isoform3	0.424534947147424	0	1	0	2152085	A	T
SNP2161	0.0865431586559507	Isoform2	0.462546990115974	0	1	0	2161107	A	T
SNP2163	-0.0467316373985821	Isoform1	0.317482906131242	0	1	0	2163085	A	T
SNP2165	-0.00013487899107457	Isoform3	0.424534947147424	0	1	0	2165089	T	A
SNP2173	-0.00925127867015416	Isoform2	0.462546990115974	0	1	0	2173100	T	A
SNP2177	-0.0232886135559576	Isoform2	0.462546990115974	0	1	0	2177103	T	A
SNP2177	-0.00716631706282487	Isoform3	0.424534947147424	0	1	0	2177103	T	A
SNP2183	0.0134750601541765	Isoform3	0.424534947147424	0	1	0	2183111	T	A
SNP2190	-0.00540691872615551	Isoform2	0.462546990115974	0	1	0	2190088	A	T
SNP2195	0.013517159304023	Isoform2	0.462546990115974	0	1	0	2195089	A	T
SNP2196	-0.00189647939570148	Isoform2	0.462546990115974	0	1	0	2196105	A	T
SNP2201	-0.0106876902833113	Isoform2	0.462546990115974	0	1	0	2201122	T	A
SNP2204	0.0171373571956877	Isoform2	0.462546990115974	0	1	0	2204106	A	T
SNP2205	-0.00578045412964685	Isoform1	0.317482906131242	0	1	0	2205083	T	A
SNP2221	-0.0139844895246733	Isoform2	0.462546990115974	0	1	0	2221100	T	A
SNP2223	0.00991374064737203	Isoform2	0.462546990115974	0	1	0	2223107	A	T
SNP2226	-0.00458536959840304	Isoform1	0.317482906131242	0	1	0	2226099	A	T
SNP2228	0.0119816029612588	Isoform3	0.424534947147424	0	1	0	2228100	A	T
SNP2233	-0.00389559770746266	Isoform2	0.462546990115974	0	1	0	2233119	T	A
SNP2245	-0.000411306953023791	Isoform2	0.462546990115974	0	1	0	2245085	A	T
SNP2252	-0.015666141403164	Isoform1	0.317482906131242	0	1	0	2252105	A	T
SNP2254	0.0215450241282956	Isoform1	0.317482906131242	0	1	0	2254095	T	A
SNP2263	-0.00059418094221219	Isoform2	0.462546990115974	0	1	0	2263099	A	T
SNP2265	0.0032406046945032	Isoform3	0.424534947147424	0	1	0	2265098	A	T
SNP2268	0.0155703444617018	Isoform2	0.462546990115974	0	1	0	2268092	T	A
SNP2276	-0.0266424114519432	Isoform2	0.462546990115974	0	1	0	2276102	T	A
SNP2279	-0.0110136216692807	Isoform2	0.462546990115974	0	1	0	2279080	T	A
SNP2288	-0.00330065720133634	Isoform3	0.424534947147424	0	1	0	2288098	T	A
SNP2290	0.00541077509597863	Isoform2	0.462546990115974	0	1	0	2290105	T	A
SNP2303	-0.00690774608701673	Isoform3	0.424534947147424	0	1	0	2303096	A	T
SNP231	-0.0384150376305911	Isoform2	0.462546990115974	0	1	0	231097	A	T
SNP2311	0.00495806126821486	Isoform2	0.462546990115974	0	1	0	2311107	T	A
SNP2315	0.0522174901761157	Isoform3	0.424534947147424	0	1	0	2315106	A	T
SNP2316	-0.00539211161860546	Isoform1	0.317482906131242	0	1	0	2316097	T	A
SNP232	-0.00627383337944738	Isoform1	0.317482906131242	0	1	0	232091	A	T
SNP2320	0.00385570557768496	Isoform2	0.462546990115974	0	1	0	2320099	A	T
SNP2323	-0.00148932677228947	Isoform2	0.462546990115974	0	1	0	2323109	A	T
SNP233	0.000960361747457324	Isoform1	0.317482906131242	0	1	0	233102	T	A
SNP233	-0.0380443031861434	Isoform2	0.462546990115974	0	1	0	233102	T	A
SNP2341	-0.00307878929495622	Isoform1	0.317482906131242	0	1	0	2341090	A	T
SNP2344	-0.000258742884362813	Isoform1	0.317482906131242	0	1	0	2344092	A	T
SNP2352	0.0248962813648134	Isoform2	0.462546990115974	0	1	0	2352111	T	A
SNP2357	-0.0114492485469064	Isoform2	0.462546990115974	0	1	0	2357118	T	A
SNP2358	-0.0294422648966854	Isoform1	0.317482906131242	0	1	0	2358094	T	A
SNP237	-0.00457428468802279	Isoform2	0.462546990115974	0	1	0	237095	A	T
SNP2375	0.0111055030823314	Isoform1	0.317482906131242	0	1	0	2375097	T	A
SNP2390	-0.00136242967890853	Isoform2	0.462546990115974	0	1	0	2390099	A	T
SNP2404	-0.00884550746756819	Isoform2	0.462546990115974	0	1	0	2404100	A	T
SNP2405	-0.00051543842863529	Isoform1	0.317482906131242	0	1	0	2405091	A	T
SNP2407	-0.0499927534533636	Isoform1	0.317482906131242	0	1	0	2407090	A	T
SNP241	-0.0157001436281122	Isoform3	0.424534947147424	0	1	0	241102	T	A
SNP2420	-0.0021322109784844	Isoform1	0.317482906131242	0	1	0	2420110	A	T
SNP2420	0.000209519747601712	Isoform3	0.424534947147424	0	1	0	2420110	A	T
SNP2424	-0.0471026189483233	Isoform1	0.317482906131242	0	1	0	2424108	A	T
SNP2438	0.0112903900184947	Isoform2	0.462546990115974	0	1	0	2438099	T	A
SNP2450	-0.00577727544771986	Isoform1	0.317482906131242	0	1	0	2450084	A	T
SNP2463	-0.0169045373953964	Isoform2	0.462546990115974	0	1	0	2463113	A	T
SNP2477	-0.000635191894011247	Isoform3	0.424534947147424	0	1	0	2477106	A	T
SNP2478	-0.00329355712899157	Isoform3	0.424534947147424	0	1	0	2478090	A	T
SNP2493	0.00678894279476073	Isoform1	0.317482906131242	0	1	0	2493120	A	T
SNP2506	0.00487816381729205	Isoform2	0.462546990115974	0	1	0	2506095	A	T
SNP2523	0.0453332806332558	Isoform1	0.317482906131242	0	1	0	2523097	A	T
SNP2548	-0.000356692762733965	Isoform3	0.424534947147424	0	1	0	2548091	A	T
SNP2551	0.00485745677575822	Isoform2	0.462546990115974	0	1	0	2551103	A	T
SNP2554	0.00729585454281793	Isoform2	0.462546990115974	0	1	0	2554096	A	T
SNP256	0.00153795401025271	Isoform2	0.462546990115974	0	1	0	256099	T	A
SNP2560	-0.00327047171537811	Isoform3	0.424534947147424	0	1	0	2560096	A	T
SNP2571	-0.00476779631370323	Isoform3	0.424534947147424	0	1	0	2571098	T	A
SNP2596	-0.00466806483830151	Isoform1	0.317482906131242	0	1	0	2596106	A	T
SNP261	-0.00688391722214864	Isoform1	0.317482906131242	0	1	0	261101	A	T
SNP2614	-0.00961116157710968	Isoform3	0.424534947147424	0	1	0	2614084	A	T
SNP2620	-0.00717064224672373	Isoform2	0.462546990115974	0	1	0	2620114	A	T
SNP2632	0.00281475738596585	Isoform3	0.424534947147424	0	1	0	2632084	T	A
SNP264	-0.00140928444585517	Isoform3	0.424534947147424	0	1	0	264107	T	A
SNP2644	-0.0247866218340153	Isoform2	0.462546990115974	0	1	0	2644126	T	A
SNP2646	0.00047004508442002	Isoform2	0.462546990115974	0	1	0	2646095	A	T
SNP2648	0.0097083790204509	Isoform2	0.462546990115974	0	1	0	2648089	T	A
SNP265	0.00501811645240304	Isoform2	0.462546990115974	0	1	0	265106	A	T
SNP2665	-0.00315699747140436	Isoform3	0.424534947147424	0	1	0	2665106	A	T
SNP2666	-0.0309353893095394	Isoform1	0.317482906131242	0	1	0	2666087	A	T
SNP2689	-0.016434631635482	Isoform1	0.317482906131242	0	1	0	2689083	A	T
SNP2691	-0.0200985580103779	Isoform1	0.317482906131242	0	1	0	2691104	A	T
SNP2703	-0.000160528849857928	Isoform2	0.462546990115974	0	1	0	2703107	A	T
SNP2707	0.0179427828781587	Isoform3	0.424534947147424	0	1	0	2707110	A	T
SNP2711	-0.0125370175821746	Isoform3	0.424534947147424	0	1	0	2711089	T	A
SNP2713	-0.00117127552153831	Isoform2	0.462546990115974	0	1	0	2713099	A	T
SNP2723	0.00236099246681845	Isoform3	0.424534947147424	0	1	0	2723111	T	A
SNP2726	0.0139723115203965	Isoform2	0.462546990115974	0	1	0	2726101	T	A
SNP2728	-0.00326503167066812	Isoform1	0.317482906131242	0	1	0	2728118	T	A
SNP2734	0.00267553520019419	Isoform3	0.424534947147424	0	1	0	2734096	T	A
SNP2746	0.00416512111476535	Isoform1	0.317482906131242	0	1	0	2746109	A	T
SNP2750	0.0195001938338605	Isoform2	0.462546990115974	0	1	0	2750101	A	T
SNP2751	0.00113824198826337	Isoform1	0.317482906131242	0	1	0	2751098	A	T
SNP2751	0.00261108272880751	Isoform2	0.462546990115974	0	1	0	2751098	A	T
SNP2751	0.0180298382151248	Isoform3	0.424534947147424	0	1	0	2751098	A	T
SNP2753	-0.0043462377683371	Isoform3	0.424534947147424	0	1	0	2753095	A	T
SNP2764	-0.00811470304537336	Isoform2	0.462546990115974	0	1	0	2764099	A	T
SNP2771	0.0109459713131273	Isoform3	0.424534947147424	0	1	0	2771096	T	A
SNP2772	-0.0108894094055419	Isoform1	0.317482906131242	0	1	0	2772110	T	A
SNP2775	-0.00944026782417928	Isoform3	0.424534947147424	0	1	0	2775096	T	A
SNP2785	-0.0149592376393065	Isoform1	0.317482906131242	0	1	0	2785098	A	T
SNP2789	-0.00491730904721704	Isoform2	0.462546990115974	0	1	0	2789091	A	T
SNP279	0.00582930889652328	Isoform3	0.424534947147424	0	1	0	279095	A	T
SNP2799	-0.0378002863309267	Isoform2	0.462546990115974	0	1	0	2799098	A	T
SNP2806	-0.0125924349337179	Isoform1	0.317482906131242	0	1	0	2806102	T	A
SNP281	-0.0157271878675612	Isoform1	0.317482906131242	0	1	0	281107	A	T
SNP2816	-0.000953861705311447	Isoform2	0.462546990115974	0	1	0	2816118	A	T
SNP2827	-0.00339435116297593	Isoform3	0.424534947147424	0	1	0	2827082	T	A
SNP2836	-0.00313778763293031	Isoform2	0.462546990115974	0	1	0	2836108	A	T
SNP2845	-0.0479236253228917	Isoform1	0.317482906131242	0	1	0	2845102	T	A
SNP2848	0.00920146547655953	Isoform3	0.424534947147424	0	1	0	2848089	A	T
SNP2853	-0.0051870966980958	Isoform1	0.317482906131242	0	1	0	2853089	A	T
SNP2855	0.0236686532818213	Isoform2	0.462546990115974	0	1	0	2855102	T	A
SNP2859	0.0139568265303517	Isoform3	0.424534947147424	0	1	0	2859081	T	A
SNP2868	-0.00789113817083311	Isoform2	0.462546990115974	0	1	0	2868086	T	A
SNP2872	0.00840448753283667	Isoform2	0.462546990115974	0	1	0	2872107	A	T
SNP2884	0.0180860825377606	Isoform2	0.462546990115974	0	1	0	2884095	A	T
SNP2885	0.00306408568896694	Isoform1	0.317482906131242	0	1	0	2885107	A	T
SNP2886	-1.6933056624919e-05	Isoform3	0.424534947147424	0	1	0	2886079	A	T
SNP2890	0.0126417871071159	Isoform1	0.317482906131242	0	1	0	2890105	A	T
SNP2890	-7.80138069368132e-05	Isoform2	0.462546990115974	0	1	0	2890105	A	T
SNP290	-0.0121185359844705	Isoform2	0.462546990115974	0	1	0	290120	T	A
SNP2900	-0.00610874269266926	Isoform3	0.424534947147424	0	1	0	2900090	T	A
SNP2907	-0.0183865968729121	Isoform2	0.462546990115974	0	1	0	2907103	A	T
SNP2910	0.0078128562620364	Isoform2	0.462546990115974	0	1	0	2910100	A	T
SNP2912	0.00334697952240432	Isoform2	0.462546990115974	0	1	0	2912110	T	A
SNP2915	-0.0108645386760758	Isoform3	0.424534947147424	0	1	0	2915096	A	T
SNP2934	0.0412143494372098	Isoform2	0.462546990115974	0	1	0	2934100	T	A
SNP2937	0.0355380695378068	Isoform2	0.462546990115974	0	1	0	2937110	A	T
SNP2948	0.00363061712188525	Isoform3	0.424534947147424	0	1	0	2948128	A	T
SNP2949	0.000963521311641872	Isoform3	0.424534947147424	0	1	0	2949097	T	A
SNP2956	-0.0424830611695154	Isoform3	0.424534947147424	0	1	0	2956087	A	T
SNP2968	-0.00794217761869938	Isoform1	0.317482906131242	0	1	0	2968116	T	A
SNP2973	-0.00100849023100863	Isoform1	0.317482906131242	0	1	0	2973106	T	A
SNP2983	0.00537142677540233	Isoform1	0.317482906131242	0	1	0	2983110	A	T
SNP2992	0.00175976765700103	Isoform1	0.317482906131242	0	1	0	2992115	T	A
SNP2994	-0.0215511344294524	Isoform1	0.317482906131242	0	1	0	2994100	T	A
SNP3008	-0.0291297491735062	Isoform3	0.424534947147424	0	1	0	3008102	T	A
SNP301	-0.0236555222306224	Isoform2	0.462546990115974	0	1	0	301106	A	T
SNP3026	-0.00363883459190369	Isoform3	0.424534947147424	0	1	0	3026103	A	T
SNP3036	-0.0123528029808879	Isoform1	0.317482906131242	0	1	0	3036096	A	T
SNP3037	-0.109565439724818	Isoform2	0.462546990115974	0	1	0	3037108	T	A
SNP3043	-0.00931908033013606	Isoform3	0.424534947147424	0	1	0	3043098	A	T
SNP3044	0.14918004919241	Isoform3	0.424534947147424	0	1	0	3044124	T	A
SNP3051	0.0124425951119059	Isoform3	0.424534947147424	0	1	0	3051114	T	A
SNP3054	-0.0169528788173486	Isoform2	0.462546990115974	0	1	0	3054077	A	T
SNP3060	0.00101013380849851	Isoform3	0.424534947147424	0	1	0	3060100	T	A
SNP3062	-0.0850747324563855	Isoform2	0.462546990115974	0	1	0	3062111	T	A
SNP308	-0.0136394449971144	Isoform2	0.462546990115974	0	1	0	308102	T	A
SNP3084	-0.00143740741432207	Isoform3	0.424534947147424	0	1	0	3084100	T	A
SNP309	-0.00251798350653569	Isoform1	0.317482906131242	0	1	0	309106	A	T
SNP3092	0.00935002838217884	Isoform3	0.424534947147424	0	1	0	3092105	T	A
SNP3094	-0.0120619691743222	Isoform2	0.462546990115974	0	1	0	3094110	T	A
SNP3095	0.0052825862909575	Isoform3	0.424534947147424	0	1	0	3095090	T	A
SNP3102	-0.00557905107531548	Isoform2	0.462546990115974	0	1	0	3102100	T	A
SNP3109	0.0125211728132959	Isoform3	0.424534947147424	0	1	0	3109113	T	A
SNP3109	0.00981025957205307	Isoform1	0.317482906131242	0	1	0	3109113	T	A
SNP3110	0.0157100425268013	Isoform1	0.317482906131242	0	1	0	3110097	A	T
SNP3116	-0.000427790300477505	Isoform2	0.462546990115974	0	1	0	3116098	T	A
SNP3118	-0.0254416341371549	Isoform2	0.462546990115974	0	1	0	3118094	T	A
SNP3119	-0.00104603620096237	Isoform2	0.462546990115974	0	1	0	3119092	A	T
SNP3126	0.0142696108046236	Isoform3	0.424534947147424	0	1	0	3126076	T	A
SNP3134	0.0343306875411286	Isoform2	0.462546990115974	0	1	0	3134085	A	T
SNP3150	-0.00381699526091088	Isoform3	0.424534947147424	0	1	0	3150114	A	T
SNP3154	-0.0120034777565607	Isoform1	0.317482906131242	0	1	0	3154102	A	T
SNP3173	0.00381612000526203	Isoform3	0.424534947147424	0	1	0	3173084	T	A
SNP3179	-0.0017073670057609	Isoform1	0.317482906131242	0	1	0	3179111	T	A
SNP3188	-0.00656493900488173	Isoform3	0.424534947147424	0	1	0	3188112	T	A
SNP3191	-0.0619989311254571	Isoform2	0.462546990115974	0	1	0	3191093	T	A
SNP3202	-0.01569308858685	Isoform3	0.424534947147424	0	1	0	3202100	T	A
SNP3202	-0.0118273970704328	Isoform2	0.462546990115974	0	1	0	3202100	T	A
SNP3207	-0.0113005114513664	Isoform2	0.462546990115974	0	1	0	3207100	A	T
SNP323	-0.0222016408991967	Isoform3	0.424534947147424	0	1	0	323102	T	A
SNP3231	-0.00129684532759903	Isoform3	0.424534947147424	0	1	0	3231098	A	T
SNP3236	-0.00562477948364178	Isoform2	0.462546990115974	0	1	0	3236093	T	A
SNP3253	0.0278557039034781	Isoform3	0.424534947147424	0	1	0	3253083	A	T
SNP3256	-0.0108145919003711	Isoform1	0.317482906131242	0	1	0	3256104	A	T
SNP3271	-0.0144389290458421	Isoform3	0.424534947147424	0	1	0	3271100	T	A
SNP3277	-0.00931564519559635	Isoform3	0.424534947147424	0	1	0	3277098	T	A
SNP3283	0.00343878032826363	Isoform3	0.424534947147424	0	1	0	3283101	A	T
SNP3285	0.0203811157768672	Isoform1	0.317482906131242	0	1	0	3285097	A	T
SNP3288	-0.00295536266462756	Isoform2	0.462546990115974	0	1	0	3288104	T	A
SNP3289	-0.0555556038392327	Isoform2	0.462546990115974	0	1	0	3289097	T	A
SNP3302	0.00149501786749068	Isoform2	0.462546990115974	0	1	0	3302113	T	A
SNP3304	-0.00328899470853206	Isoform1	0.317482906131242	0	1	0	3304104	T	A
SNP3305	0.0171824154063936	Isoform1	0.317482906131242	0	1	0	3305100	T	A
SNP331	0.0239629869465175	Isoform2	0.462546990115974	0	1	0	331089	A	T
SNP331	0.0303974621731323	Isoform3	0.424534947147424	0	1	0	331089	A	T
SNP3314	0.00559915208130971	Isoform2	0.462546990115974	0	1	0	3314090	T	A
SNP3319	0.00104088563017653	Isoform2	0.462546990115974	0	1	0	3319129	A	T
SNP3325	-0.0101903692865344	Isoform1	0.317482906131242	0	1	0	3325097	T	A
SNP3328	0.0210913271817745	Isoform3	0.424534947147424	0	1	0	3328120	T	A
SNP333	0.0421056938029862	Isoform2	0.462546990115974	0	1	0	333104	A	T
SNP3331	-0.000620428844022433	Isoform1	0.317482906131242	0	1	0	3331109	T	A
SNP3338	0.0418602582997856	Isoform2	0.462546990115974	0	1	0	3338093	A	T
SNP334	0.00170801945701223	Isoform3	0.424534947147424	0	1	0	334105	A	T
SNP3340	0.0232712959683246	Isoform3	0.424534947147424	0	1	0	3340105	T	A
SNP3341	0.00150984029372221	Isoform3	0.424534947147424	0	1	0	3341094	A	T
SNP3342	-0.0233591174920334	Isoform3	0.424534947147424	0	1	0	3342090	T	A
SNP3348	-0.0268151042969006	Isoform1	0.317482906131242	0	1	0	3348096	T	A
SNP3350	-0.0085125283294485	Isoform1	0.317482906131242	0	1	0	3350099	T	A
SNP3365	0.000631593907139262	Isoform3	0.424534947147424	0	1	0	3365107	A	T
SNP3370	0.00487901158283954	Isoform2	0.462546990115974	0	1	0	3370099	A	T
SNP3371	0.00512797546415372	Isoform1	0.317482906131242	0	1	0	3371102	T	A
SNP3380	0.00510980056950158	Isoform2	0.462546990115974	0	1	0	3380094	T	A
SNP339	-0.00269496751958209	Isoform3	0.424534947147424	0	1	0	339099	T	A
SNP3390	0.00412483579650877	Isoform2	0.462546990115974	0	1	0	3390089	A	T
SNP3399	-0.0126484054477069	Isoform2	0.462546990115974	0	1	0	3399081	T	A
SNP3407	0.00365077363642102	Isoform2	0.462546990115974	0	1	0	3407100	A	T
SNP3412	0.020377684893637	Isoform1	0.317482906131242	0	1	0	3412112	A	T
SNP3421	0.000209916839290894	Isoform3	0.424534947147424	0	1	0	3421087	A	T
SNP3422	0.00153077162820547	Isoform2	0.462546990115974	0	1	0	3422114	T	A
SNP3423	-0.0110050498704649	Isoform3	0.424534947147424	0	1	0	3423090	A	T
SNP3427	-0.00255547578303184	Isoform2	0.462546990115974	0	1	0	3427085	T	A
SNP3428	0.000936944431056155	Isoform2	0.462546990115974	0	1	0	3428090	T	A
SNP3435	-0.00054899203200588	Isoform3	0.424534947147424	0	1	0	3435101	T	A
SNP3439	0.00300749917810676	Isoform3	0.424534947147424	0	1	0	3439093	A	T
SNP3441	-0.0109386294193011	Isoform3	0.424534947147424	0	1	0	3441090	T	A
SNP3443	-0.00728327549510275	Isoform3	0.424534947147424	0	1	0	3443108	T	A
SNP3446	0.00744308780593433	Isoform3	0.424534947147424	0	1	0	3446086	A	T
SNP3449	-0.0020037278256907	Isoform2	0.462546990115974	0	1	0	3449106	T	A
SNP3451	-0.0091647311698577	Isoform3	0.424534947147424	0	1	0	3451093	T	A
SNP3453	0.00161228774325329	Isoform2	0.462546990115974	0	1	0	3453089	A	T
SNP3461	-0.00178617044127203	Isoform2	0.462546990115974	0	1	0	3461102	T	A
SNP3464	0.00385849995907668	Isoform3	0.424534947147424	0	1	0	3464097	T	A
SNP3471	-0.00405959124445454	Isoform1	0.317482906131242	0	1	0	3471100	T	A
SNP3474	0.0227728361814806	Isoform3	0.424534947147424	0	1	0	3474097	A	T
SNP3477	0.00761504818539977	Isoform2	0.462546990115974	0	1	0	3477098	A	T
SNP3486	-0.00273953948019648	Isoform2	0.462546990115974	0	1	0	3486108	T	A
SNP3495	0.0110812965058756	Isoform3	0.424534947147424	0	1	0	3495083	T	A
SNP3507	-0.0185753960015225	Isoform3	0.424534947147424	0	1	0	3507104	A	T
SNP3509	0.0320209015746394	Isoform2	0.462546990115974	0	1	0	3509101	T	A
SNP3510	-0.0026013788278381	Isoform3	0.424534947147424	0	1	0	3510105	T	A
SNP3523	-0.0118695766929082	Isoform1	0.317482906131242	0	1	0	3523118	A	T
SNP3524	-0.0149242013558892	Isoform3	0.424534947147424	0	1	0	3524097	T	A
SNP3527	0.0039468530169452	Isoform3	0.424534947147424	0	1	0	3527100	A	T
SNP3538	0.0224334001141031	Isoform1	0.317482906131242	0	1	0	3538099	T	A
SNP3540	0.00150025878617749	Isoform2	0.462546990115974	0	1	0	3540092	T	A
SNP3541	-0.00304767351033716	Isoform1	0.317482906131242	0	1	0	3541102	T	A
SNP3552	-0.024850026699813	Isoform2	0.462546990115974	0	1	0	3552098	A	T
SNP3554	-0.0261824608697526	Isoform2	0.462546990115974	0	1	0	3554094	T	A
SNP3556	-0.0152520885039932	Isoform2	0.462546990115974	0	1	0	3556090	T	A
SNP3557	0.0175895335899688	Isoform3	0.424534947147424	0	1	0	3557133	T	A
SNP3563	-0.00780726625338798	Isoform2	0.462546990115974	0	1	0	3563098	T	A
SNP3565	0.011275325885836	Isoform3	0.424534947147424	0	1	0	3565088	A	T
SNP3567	0.0624576785395134	Isoform2	0.462546990115974	0	1	0	3567105	T	A
SNP357	0.0378930678009594	Isoform1	0.317482906131242	0	1	0	357105	A	T
SNP358	0.0108418394411483	Isoform3	0.424534947147424	0	1	0	358108	T	A
SNP3583	-0.00487922903879367	Isoform2	0.462546990115974	0	1	0	3583090	A	T
SNP3595	0.0142184540377708	Isoform3	0.424534947147424	0	1	0	3595124	T	A
SNP3607	-0.0406250701022709	Isoform1	0.317482906131242	0	1	0	3607100	A	T
SNP3609	0.00959521715323112	Isoform3	0.424534947147424	0	1	0	3609096	A	T
SNP3612	-0.00755612344461701	Isoform3	0.424534947147424	0	1	0	3612095	A	T
SNP3617	-0.00492723304355998	Isoform2	0.462546990115974	0	1	0	3617096	A	T
SNP3623	0.0028814915975113	Isoform3	0.424534947147424	0	1	0	3623076	A	T
SNP3627	-0.00789420727610437	Isoform3	0.424534947147424	0	1	0	3627111	T	A
SNP3628	-0.00742438681432068	Isoform1	0.317482906131242	0	1	0	3628095	A	T
SNP363	0.0273023938052763	Isoform2	0.462546990115974	0	1	0	363081	T	A
SNP3631	-0.00905060779296024	Isoform3	0.424534947147424	0	1	0	3631086	A	T
SNP3638	0.0045467780596724	Isoform1	0.317482906131242	0	1	0	3638101	T	A
SNP364	-0.00726335422177298	Isoform3	0.424534947147424	0	1	0	364092	T	A
SNP3642	-0.088763032482953	Isoform3	0.424534947147424	0	1	0	3642095	A	T
SNP3645	-0.00260055297467585	Isoform2	0.462546990115974	0	1	0	3645099	A	T
SNP3658	0.0103428355554691	Isoform2	0.462546990115974	0	1	0	3658103	T	A
SNP3665	-0.0332021855907128	Isoform2	0.462546990115974	0	1	0	3665105	T	A
SNP3675	0.00327833839796683	Isoform3	0.424534947147424	0	1	0	3675099	T	A
SNP3682	-0.0274992943585183	Isoform2	0.462546990115974	0	1	0	3682117	T	A
SNP3684	-0.000385161731018958	Isoform2	0.462546990115974	0	1	0	3684098	A	T
SNP3688	-8.28670077892923e-06	Isoform2	0.462546990115974	0	1	0	3688106	A	T
SNP3694	0.0258035149507836	Isoform2	0.462546990115974	0	1	0	3694091	T	A
SNP3697	-0.00376530164666382	Isoform1	0.317482906131242	0	1	0	3697099	T	A
SNP3704	0.0157749348403566	Isoform2	0.462546990115974	0	1	0	3704086	A	T
SNP3706	0.00530578869026596	Isoform2	0.462546990115974	0	1	0	3706114	T	A
SNP3711	0.00506024018024615	Isoform2	0.462546990115974	0	1	0	3711105	A	T
SNP3712	-0.0165425014242471	Isoform1	0.317482906131242	0	1	0	3712112	A	T
SNP3715	0.00144062020092497	Isoform2	0.462546990115974	0	1	0	3715094	A	T
SNP3718	-0.0132250475387498	Isoform2	0.462546990115974	0	1	0	3718082	A	T
SNP372	-0.00194436894089618	Isoform1	0.317482906131242	0	1	0	372087	A	T
SNP3725	0.00774814702856668	Isoform2	0.462546990115974	0	1	0	3725121	A	T
SNP3727	-1.47591158547117e-05	Isoform2	0.462546990115974	0	1	0	3727089	A	T
SNP3731	0.0161334304189813	Isoform2	0.462546990115974	0	1	0	3731102	T	A
SNP3736	-0.0248061817698791	Isoform2	0.462546990115974	0	1	0	3736110	A	T
SNP3743	0.0128630352206859	Isoform3	0.424534947147424	0	1	0	3743096	T	A
SNP3750	-0.0864691678541347	Isoform3	0.424534947147424	0	1	0	3750088	A	T
SNP3751	-0.00273421403116664	Isoform2	0.462546990115974	0	1	0	3751101	T	A
SNP3753	0.00100168829179399	Isoform2	0.462546990115974	0	1	0	3753112	A	T
SNP3758	0.0362705627563848	Isoform2	0.462546990115974	0	1	0	3758097	A	T
SNP3760	0.023184068321457	Isoform2	0.462546990115974	0	1	0	3760104	A	T
SNP3764	0.0293620698402846	Isoform2	0.462546990115974	0	1	0	3764102	A	T
SNP3775	-0.0121090480938832	Isoform1	0.317482906131242	0	1	0	3775100	T	A
SNP3784	0.01627855781409	Isoform2	0.462546990115974	0	1	0	3784091	A	T
SNP3784	0.0104632029009083	Isoform3	0.424534947147424	0	1	0	3784091	A	T
SNP3792	0.0159934569161283	Isoform3	0.424534947147424	0	1	0	3792097	A	T
SNP3795	-0.0201003746938031	Isoform2	0.462546990115974	0	1	0	3795099	A	T
SNP3827	0.0365272734877471	Isoform1	0.317482906131242	0	1	0	3827092	A	T
SNP3827	-0.0100868601173025	Isoform2	0.462546990115974	0	1	0	3827092	A	T
SNP3828	0.00172056971496836	Isoform1	0.317482906131242	0	1	0	3828121	T	A
SNP3835	-0.00486651547078623	Isoform1	0.317482906131242	0	1	0	3835090	T	A
SNP3840	0.00474946570514433	Isoform3	0.424534947147424	0	1	0	3840101	T	A
SNP3853	-0.00283133129008459	Isoform2	0.462546990115974	0	1	0	3853107	T	A
SNP3856	-0.0296575760307132	Isoform2	0.462546990115974	0	1	0	3856093	T	A
SNP3857	-0.150521143742873	Isoform1	0.317482906131242	0	1	0	3857101	A	T
SNP3858	0.00028764409683071	Isoform2	0.462546990115974	0	1	0	3858092	T	A
SNP3874	-0.00149546811096902	Isoform2	0.462546990115974	0	1	0	3874095	A	T
SNP3874	0.0543143236552828	Isoform3	0.424534947147424	0	1	0	3874095	A	T
SNP3874	0.0106581054586718	Isoform1	0.317482906131242	0	1	0	3874095	A	T
SNP3884	0.00452116290085098	Isoform1	0.317482906131242	0	1	0	3884098	T	A
SNP3888	0.00858553579649169	Isoform1	0.317482906131242	0	1	0	3888092	A	T
SNP39	0.0112414608780462	Isoform3	0.424534947147424	0	1	0	39095	T	A
SNP3903	0.00163709898477963	Isoform3	0.424534947147424	0	1	0	3903108	A	T
SNP3910	0.000719268878164251	Isoform3	0.424534947147424	0	1	0	3910107	A	T
SNP3911	-0.00765295743967432	Isoform2	0.462546990115974	0	1	0	3911106	T	A
SNP3938	-0.000641998095760012	Isoform2	0.462546990115974	0	1	0	3938114	A	T
SNP3952	0.00701238917184006	Isoform2	0.462546990115974	0	1	0	3952095	A	T
SNP3963	-0.00181663626413941	Isoform2	0.462546990115974	0	1	0	3963098	T	A
SNP3964	0.00088232137894641	Isoform1	0.317482906131242	0	1	0	3964094	T	A
SNP3968	-0.000840226280349819	Isoform3	0.424534947147424	0	1	0	3968121	T	A
SNP3972	0.00196815742270435	Isoform1	0.317482906131242	0	1	0	3972095	T	A
SNP3974	0.0107855121520211	Isoform2	0.462546990115974	0	1	0	3974108	T	A
SNP3976	-0.0500890269437382	Isoform2	0.462546990115974	0	1	0	3976107	A	T
SNP3976	0.00665719129854935	Isoform1	0.317482906131242	0	1	0	3976107	A	T
SNP3983	-0.0163617737264132	Isoform1	0.317482906131242	0	1	0	3983085	A	T
SNP3985	-0.0090538588016088	Isoform2	0.462546990115974	0	1	0	3985100	T	A
SNP3989	0.000870402384756917	Isoform3	0.424534947147424	0	1	0	3989087	T	A
SNP4015	0.0481985999159692	Isoform1	0.317482906131242	0	1	0	4015098	A	T
SNP4022	-0.000824643009107727	Isoform3	0.424534947147424	0	1	0	4022111	T	A
SNP4022	-0.0255253666015326	Isoform2	0.462546990115974	0	1	0	4022111	T	A
SNP4031	0.022180207340204	Isoform2	0.462546990115974	0	1	0	4031100	A	T
SNP4039	0.00570971355072462	Isoform3	0.424534947147424	0	1	0	4039085	T	A
SNP4044	-0.00781567845175219	Isoform2	0.462546990115974	0	1	0	4044101	A	T
SNP4052	0.00116807958818273	Isoform3	0.424534947147424	0	1	0	4052088	A	T
SNP4054	-0.0143008120549054	Isoform2	0.462546990115974	0	1	0	4054094	A	T
SNP4055	0.0174049207550346	Isoform1	0.317482906131242	0	1	0	4055116	A	T
SNP4073	-0.000565550552797979	Isoform3	0.424534947147424	0	1	0	4073110	T	A
SNP4075	-0.0118883450016874	Isoform2	0.462546990115974	0	1	0	4075095	T	A
SNP4081	-0.0604417074263869	Isoform2	0.462546990115974	0	1	0	4081104	A	T
SNP4086	0.0157440413671212	Isoform2	0.462546990115974	0	1	0	4086098	T	A
SNP4096	0.0220797704088363	Isoform3	0.424534947147424	0	1	0	4096096	T	A
SNP4099	0.00106000750132066	Isoform2	0.462546990115974	0	1	0	4099087	T	A
SNP4116	0.0038408198370864	Isoform3	0.424534947147424	0	1	0	4116102	T	A
SNP4118	0.0127180519637549	Isoform2	0.462546990115974	0	1	0	4118107	T	A
SNP4119	-0.00231653835357767	Isoform1	0.317482906131242	0	1	0	4119117	T	A
SNP412	0.00415416368405546	Isoform1	0.317482906131242	0	1	0	412111	T	A
SNP4120	0.00447076101440285	Isoform1	0.317482906131242	0	1	0	4120101	T	A
SNP4120	-0.00707715400013025	Isoform2	0.462546990115974	0	1	0	4120101	T	A
SNP4123	-0.00285323484080271	Isoform1	0.317482906131242	0	1	0	4123103	T	A
SNP4137	0.0426352044647609	Isoform1	0.317482906131242	0	1	0	4137114	A	T
SNP4143	0.00398977969129752	Isoform2	0.462546990115974	0	1	0	4143082	T	A
SNP4148	-0.0173860922969835	Isoform1	0.317482906131242	0	1	0	4148099	A	T
SNP4157	0.00278804350411151	Isoform1	0.317482906131242	0	1	0	4157092	T	A
SNP4162	0.00843394517327567	Isoform2	0.462546990115974	0	1	0	4162105	A	T
SNP4163	0.0180828542248613	Isoform3	0.424534947147424	0	1	0	4163094	T	A
SNP4170	0.00495964770600348	Isoform1	0.317482906131242	0	1	0	4170101	T	A
SNP4187	-0.024254024975226	Isoform1	0.317482906131242	0	1	0	4187089	A	T
SNP4199	-0.0125135334440439	Isoform3	0.424534947147424	0	1	0	4199114	A	T
SNP42	-0.00656844907261281	Isoform3	0.424534947147424	0	1	0	42099	T	A
SNP42	-0.00119456307916508	Isoform2	0.462546990115974	0	1	0	42099	T	A
SNP4209	-8.95807163812492e-05	Isoform2	0.462546990115974	0	1	0	4209087	A	T
SNP4212	-0.0191314583740258	Isoform1	0.317482906131242	0	1	0	4212090	A	T
SNP422	-0.00278504656347655	Isoform2	0.462546990115974	0	1	0	422099	A	T
SNP4220	-0.0117079193090952	Isoform2	0.462546990115974	0	1	0	4220110	T	A
SNP4230	-0.00371755361629954	Isoform2	0.462546990115974	0	1	0	4230087	A	T
SNP4232	0.0170529918265575	Isoform2	0.462546990115974	0	1	0	4232098	T	A
SNP4233	-9.55023646045159e-05	Isoform3	0.424534947147424	0	1	0	4233102	T	A
SNP4248	0.00723204810347943	Isoform3	0.424534947147424	0	1	0	4248091	A	T
SNP4248	-0.00637986550667585	Isoform1	0.317482906131242	0	1	0	4248091	A	T
SNP4252	0.00640499122655354	Isoform3	0.424534947147424	0	1	0	4252093	T	A
SNP4254	-0.00983870940768057	Isoform2	0.462546990115974	0	1	0	4254083	T	A
SNP4259	0.0490440118986102	Isoform1	0.317482906131242	0	1	0	4259109	A	T
SNP4263	-0.0633761548820499	Isoform2	0.462546990115974	0	1	0	4263102	T	A
SNP4266	0.0035888839857247	Isoform2	0.462546990115974	0	1	0	4266093	T	A
SNP4266	0.018891628691892	Isoform3	0.424534947147424	0	1	0	4266093	T	A
SNP4273	-0.011116130132886	Isoform1	0.317482906131242	0	1	0	4273092	A	T
SNP4282	-0.00221169944068009	Isoform1	0.317482906131242	0	1	0	4282094	T	A
SNP4284	0.00142422859120023	Isoform1	0.317482906131242	0	1	0	4284111	A	T
SNP4288	-0.000339020961914672	Isoform1	0.317482906131242	0	1	0	4288105	A	T
SNP430	0.0245358735154885	Isoform2	0.462546990115974	0	1	0	430116	A	T
SNP4301	0.0109025684322818	Isoform3	0.424534947147424	0	1	0	4301106	A	T
SNP4301	-0.000433510732434087	Isoform2	0.462546990115974	0	1	0	4301106	A	T
SNP4305	-0.0129130732002496	Isoform2	0.462546990115974	0	1	0	4305119	A	T
SNP4307	-0.0064648450617241	Isoform1	0.317482906131242	0	1	0	4307103	T	A
SNP4314	-1.0089641433743e-05	Isoform1	0.317482906131242	0	1	0	4314091	T	A
SNP4319	0.00837238786696491	Isoform3	0.424534947147424	0	1	0	4319099	T	A
SNP432	-0.00243070501580625	Isoform3	0.424534947147424	0	1	0	432091	T	A
SNP4324	-0.0142153630461561	Isoform3	0.424534947147424	0	1	0	4324089	T	A
SNP4333	0.00548204146444973	Isoform3	0.424534947147424	0	1	0	4333090	T	A
SNP4334	0.0762288745924714	Isoform1	0.317482906131242	0	1	0	4334097	T	A
SNP4341	-0.00219376916825218	Isoform3	0.424534947147424	0	1	0	4341096	A	T
SNP4347	0.0552099930325021	Isoform1	0.317482906131242	0	1	0	4347110	A	T
SNP4350	0.000927213185326534	Isoform1	0.317482906131242	0	1	0	4350102	T	A
SNP4350	0.0444141683326044	Isoform3	0.424534947147424	0	1	0	4350102	T	A
SNP4363	0.0288481716500299	Isoform1	0.317482906131242	0	1	0	4363114	A	T
SNP4367	0.010838820180559	Isoform3	0.424534947147424	0	1	0	4367094	A	T
SNP4373	-0.00557459946108294	Isoform2	0.462546990115974	0	1	0	4373100	A	T
SNP4379	0.000617864445171612	Isoform1	0.317482906131242	0	1	0	4379086	A	T
SNP4394	-0.00804092750313876	Isoform1	0.317482906131242	0	1	0	4394095	A	T
SNP4395	0.000928115296979504	Isoform3	0.424534947147424	0	1	0	4395092	A	T
SNP4396	-0.00503598247038479	Isoform3	0.424534947147424	0	1	0	4396103	A	T
SNP4404	-0.00455994286822556	Isoform1	0.317482906131242	0	1	0	4404116	A	T
SNP4406	0.000577740762375166	Isoform1	0.317482906131242	0	1	0	4406110	T	A
SNP4408	0.00426654106024171	Isoform2	0.462546990115974	0	1	0	4408107	T	A
SNP4408	0.0433037608392211	Isoform1	0.317482906131242	0	1	0	4408107	T	A
SNP4415	0.0122918365981471	Isoform3	0.424534947147424	0	1	0	4415102	A	T
SNP4424	0.0247541857632316	Isoform3	0.424534947147424	0	1	0	4424085	A	T
SNP4428	-0.0041060999407875	Isoform2	0.462546990115974	0	1	0	4428099	T	A
SNP443	0.0011261466343808	Isoform1	0.317482906131242	0	1	0	443089	A	T
SNP4430	-0.0138953816024661	Isoform2	0.462546990115974	0	1	0	4430102	T	A
SNP4432	-0.0075297161814192	Isoform2	0.462546990115974	0	1	0	4432101	A	T
SNP4433	-0.00470401144391063	Isoform2	0.462546990115974	0	1	0	4433080	T	A
SNP4436	0.0111349302367975	Isoform2	0.462546990115974	0	1	0	4436106	T	A
SNP4442	0.017924362726573	Isoform3	0.424534947147424	0	1	0	4442108	A	T
SNP4448	0.0131685692034054	Isoform3	0.424534947147424	0	1	0	4448104	A	T
SNP4454	-0.0228410896293912	Isoform2	0.462546990115974	0	1	0	4454094	A	T
SNP4459	0.00284502028832269	Isoform1	0.317482906131242	0	1	0	4459085	A	T
SNP4463	0.00503954721719974	Isoform3	0.424534947147424	0	1	0	4463082	A	T
SNP448	0.0085755133236748	Isoform3	0.424534947147424	0	1	0	448086	A	T
SNP4481	-0.000448946571011802	Isoform1	0.317482906131242	0	1	0	4481103	T	A
SNP4483	-0.00217295488309568	Isoform1	0.317482906131242	0	1	0	4483118	T	A
SNP4484	-0.00422614358534328	Isoform3	0.424534947147424	0	1	0	4484091	T	A
SNP4484	-0.00710253887803112	Isoform1	0.317482906131242	0	1	0	4484091	T	A
SNP450	0.0195731209198252	Isoform2	0.462546990115974	0	1	0	450101	T	A
SNP4502	-0.0264491731458675	Isoform2	0.462546990115974	0	1	0	4502097	A	T
SNP4517	0.00319378467026791	Isoform3	0.424534947147424	0	1	0	4517098	T	A
SNP4517	-5.29423753156198e-05	Isoform2	0.462546990115974	0	1	0	4517098	T	A
SNP4525	-0.0846900032930093	Isoform3	0.424534947147424	0	1	0	4525102	T	A
SNP4528	-0.00241184703129216	Isoform1	0.317482906131242	0	1	0	4528105	A	T
SNP4541	0.0624679053204207	Isoform2	0.462546990115974	0	1	0	4541108	T	A
SNP458	-0.00174534535948775	Isoform1	0.317482906131242	0	1	0	458103	A	T
SNP459	-0.018392943237063	Isoform3	0.424534947147424	0	1	0	459097	A	T
SNP467	-0.0322815043659713	Isoform1	0.317482906131242	0	1	0	467095	T	A
SNP467	-0.00446504605441631	Isoform2	0.462546990115974	0	1	0	467095	T	A
SNP482	-0.00550770402025865	Isoform3	0.424534947147424	0	1	0	482096	T	A
SNP488	-0.0214944166821	Isoform1	0.317482906131242	0	1	0	488098	A	T
SNP501	0.0120640198122432	Isoform1	0.317482906131242	0	1	0	501088	T	A
SNP505	0.00862294539544896	Isoform2	0.462546990115974	0	1	0	505082	A	T
SNP508	-0.0396145918384375	Isoform1	0.317482906131242	0	1	0	508108	T	A
SNP509	-0.00521216453212195	Isoform1	0.317482906131242	0	1	0	509103	T	A
SNP514	0.0175218228301413	Isoform3	0.424534947147424	0	1	0	514109	T	A
SNP516	0.0078232488780871	Isoform1	0.317482906131242	0	1	0	516100	T	A
SNP525	0.0100181730446641	Isoform2	0.462546990115974	0	1	0	525096	A	T
SNP527	0.0571216635515962	Isoform3	0.424534947147424	0	1	0	527110	T	A
SNP53	0.00121239591719147	Isoform2	0.462546990115974	0	1	0	53106	T	A
SNP531	-0.00565170448503053	Isoform1	0.317482906131242	0	1	0	531086	T	A
SNP532	0.0160829436703505	Isoform2	0.462546990115974	0	1	0	532104	A	T
SNP535	0.0159273616043753	Isoform2	0.462546990115974	0	1	0	535097	A	T
SNP564	-0.0511917688515575	Isoform2	0.462546990115974	0	1	0	564104	T	A
SNP570	0.00116765842327053	Isoform2	0.462546990115974	0	1	0	570086	T	A
SNP574	-0.00226107126185966	Isoform2	0.462546990115974	0	1	0	574102	T	A
SNP577	0.0175421564370051	Isoform3	0.424534947147424	0	1	0	577102	A	T
SNP579	-0.015102084948314	Isoform3	0.424534947147424	0	1	0	579108	T	A
SNP585	0.00725330240334963	Isoform3	0.424534947147424	0	1	0	585110	A	T
SNP598	-0.000842747501136026	Isoform2	0.462546990115974	0	1	0	598106	A	T
SNP599	0.0215054222302111	Isoform3	0.424534947147424	0	1	0	599090	T	A
SNP610	0.00214581917944116	Isoform2	0.462546990115974	0	1	0	610101	A	T
SNP618	0.0208048710245229	Isoform3	0.424534947147424	0	1	0	618099	A	T
SNP640	-0.00116064258718436	Isoform3	0.424534947147424	0	1	0	640089	A	T
SNP643	0.00298813189983065	Isoform3	0.424534947147424	0	1	0	643103	A	T
SNP645	0.00738836506453106	Isoform3	0.424534947147424	0	1	0	645091	A	T
SNP662	-0.00248602768360606	Isoform3	0.424534947147424	0	1	0	662093	T	A
SNP669	-0.00286703597523135	Isoform1	0.317482906131242	0	1	0	669099	T	A
SNP684	-0.0515258473027959	Isoform2	0.462546990115974	0	1	0	684111	T	A
SNP690	-0.0086120656792008	Isoform3	0.424534947147424	0	1	0	690099	T	A
SNP696	0.0102099104718023	Isoform2	0.462546990115974	0	1	0	696103	T	A
SNP698	-0.00150856028455516	Isoform1	0.317482906131242	0	1	0	698098	T	A
SNP714	-0.00919371501424083	Isoform3	0.424534947147424	0	1	0	714097	A	T
SNP714	-0.012418159861333	Isoform2	0.462546990115974	0	1	0	714097	A	T
SNP721	-0.00729268531642708	Isoform3	0.424534947147424	0	1	0	721095	A	T
SNP723	-0.0695787888215869	Isoform2	0.462546990115974	0	1	0	723113	A	T
SNP725	-0.0194442608377417	Isoform2	0.462546990115974	0	1	0	725107	T	A
SNP726	-0.0131459913049176	Isoform3	0.424534947147424	0	1	0	726091	T	A
SNP727	-0.0235713553644601	Isoform2	0.462546990115974	0	1	0	727113	A	T
SNP732	0.00348012216207304	Isoform1	0.317482906131242	0	1	0	732089	A	T
SNP74	0.0128576424867793	Isoform3	0.424534947147424	0	1	0	74103	T	A
SNP745	0.0191243341334281	Isoform2	0.462546990115974	0	1	0	745099	A	T
SNP752	-0.00998075027964032	Isoform3	0.424534947147424	0	1	0	752115	A	T
SNP753	0.00858886551576028	Isoform3	0.424534947147424	0	1	0	753098	A	T
SNP762	-0.00447334652288771	Isoform2	0.462546990115974	0	1	0	762111	A	T
SNP765	0.00573968463177572	Isoform3	0.424534947147424	0	1	0	765108	A	T
SNP771	-0.00693323544929572	Isoform3	0.424534947147424	0	1	0	771117	A	T
SNP772	-0.00779230273410483	Isoform2	0.462546990115974	0	1	0	772103	A	T
SNP79	0.00113543042928977	Isoform3	0.424534947147424	0	1	0	79099	A	T
SNP791	0.0318161143993254	Isoform2	0.462546990115974	0	1	0	791092	A	T
SNP798	-0.00734638879847783	Isoform2	0.462546990115974	0	1	0	798099	T	A
SNP80	-0.00374572504462742	Isoform1	0.317482906131242	0	1	0	80115	A	T
SNP800	-0.0067002640591439	Isoform1	0.317482906131242	0	1	0	800098	A	T
SNP812	-0.0209506727383306	Isoform2	0.462546990115974	0	1	0	812114	T	A
SNP819	-0.00397468189151714	Isoform2	0.462546990115974	0	1	0	819081	A	T
SNP830	-0.00408226541228876	Isoform3	0.424534947147424	0	1	0	830107	T	A
SNP833	0.000773251283723818	Isoform3	0.424534947147424	0	1	0	833091	T	A
SNP837	-0.0187931408765384	Isoform3	0.424534947147424	0	1	0	837099	T	A
SNP840	0.0261474601318652	Isoform2	0.462546990115974	0	1	0	840100	A	T
SNP843	-0.0321336000465227	Isoform3	0.424534947147424	0	1	0	843096	T	A
SNP843	-0.0656662043944275	Isoform1	0.317482906131242	0	1	0	843096	T	A
SNP844	0.0180260559024341	Isoform2	0.462546990115974	0	1	0	844109	T	A
SNP848	-0.0220684099490281	Isoform1	0.317482906131242	0	1	0	848106	A	T
SNP854	0.0283263451366873	Isoform3	0.424534947147424	0	1	0	854103	T	A
SNP856	0.00159901593815689	Isoform3	0.424534947147424	0	1	0	856094	A	T
SNP873	-0.00629639105795878	Isoform2	0.462546990115974	0	1	0	873099	T	A
SNP883	0.000606126063398957	Isoform3	0.424534947147424	0	1	0	883096	A	T
SNP888	-0.017114191849586	Isoform2	0.462546990115974	0	1	0	888107	T	A
SNP89	-0.000884068366280435	Isoform1	0.317482906131242	0	1	0	89094	T	A
SNP900	-0.00310832389805175	Isoform2	0.462546990115974	0	1	0	900102	A	T
SNP937	-0.10509661896379	Isoform3	0.424534947147424	0	1	0	937112	A	T
SNP94	-0.00503839853994984	Isoform1	0.317482906131242	0	1	0	94114	A	T
SNP94	0.0120194421865383	Isoform3	0.424534947147424	0	1	0	94114	A	T
SNP970	-0.0160594682305043	Isoform2	0.462546990115974	0	1	0	970102	A	T
